keyword,search_volume,difficulty,cpc,intent,current_rank
"project management software",40500,78,12.40,commercial,14
"best project management tools",8100,65,9.80,commercial,22
"project management software for remote teams",1300,42,15.60,commercial,6
"what is project management software",5400,35,4.20,informational,31
"free project management tools",18100,58,3.10,commercial,
"project management app",12100,61,10.90,commercial,19
"task management software",9900,55,8.75,commercial,17
"project management software for small business",2900,48,13.20,commercial,9
"kanban board software",6600,52,7.40,commercial,25
"gantt chart software",4400,44,9.10,commercial,
"project management software comparison",1900,38,6.80,commercial,11
"project management software pricing",880,29,5.50,commercial,
"remote team collaboration tools",3600,47,8.90,commercial,28
"how to manage a remote team",4900,31,3.40,informational,
"project management software reviews",1600,40,4.10,informational,33
"project management methodology",3300,27,2.90,informational,
"agile project management tools",5400,56,11.30,commercial,20
"project management software for startups",720,36,10.60,commercial,8
"project management certification",8100,33,6.20,informational,
"project management templates",14800,39,2.40,informational,41
"project management software free trial",590,31,14.90,transactional,5
"best project management software 2026",2400,44,11.80,commercial,12
"project management software for agencies",480,34,16.20,commercial,
"resource management software",2900,43,9.60,commercial,24
"time tracking software project management",3300,40,8.20,commercial,30
"project management dashboard",1300,30,5.90,informational,
"project management software vs excel",320,22,3.10,informational,45
"enterprise project management software",1900,62,18.40,commercial,
"project management software for construction",1000,41,12.90,commercial,37
"simple project management tool",1600,33,6.70,commercial,16
"project management software integrations",260,25,4.80,informational,
"project management software api",210,28,5.30,informational,
"project portfolio management software",720,46,15.10,commercial,
"project management software demo",390,27,7.90,transactional,13
"project management software free vs paid",170,20,3.60,informational,48
"workflow automation software",4400,53,10.20,commercial,26
"project management software login",590,18,1.10,navigational,3
"what is agile methodology",6600,29,2.70,informational,
"project management software for marketing teams",480,39,13.70,commercial,21
"project management software onboarding",140,24,4.40,informational,
